序號,清單類型,分類 ID,分類名稱,分類英文名,療程名稱,Slug,副標,程式圖片引用,IMAGES 鍵名,圖片 URL,離線檔名,寬 px,高 px,圖片來源,顯示位置,核對備註,建議替換圖 URL,負責人確認
1,療程分類 SERVICE_CATEGORIES,laser,雷射電音波,Laser & Energy,PicoSure 755 皮秒蜂巢雷射,,24h亮白・膠原新生,IMAGES.treatmentPicosure,treatmentPicosure,https://d2xsxph8kpxj0f.cloudfront.net/310519663343349747/NiMiPR2Gq7yAMFRDKJg9Wa/treatment-picosure-new_5b56a1d9.png,treatment-picosure-new_5b56a1d9.png,359,53,Manus CDN,療程列表 ServicesSection,圖片過扁（不適合卡片主圖）；解析度過低；比例 6.77:1（建議 16:9）；CDN 素材為橫幅條（359×53）；同一 URL 重複使用 2 次,,
2,療程分類 SERVICE_CATEGORIES,laser,雷射電音波,Laser & Energy,海芙電波,,深層緊緻・膠原重組,IMAGES.treatmentHaifu,treatmentHaifu,https://d2xsxph8kpxj0f.cloudfront.net/310519663343349747/NiMiPR2Gq7yAMFRDKJg9Wa/treatment-haifu-new_f1187c18.png,treatment-haifu-new_f1187c18.png,359,53,Manus CDN,療程列表 ServicesSection,圖片過扁（不適合卡片主圖）；解析度過低；比例 6.77:1（建議 16:9）；CDN 素材為橫幅條（359×53）；同一 URL 重複使用 2 次,,
3,療程分類 SERVICE_CATEGORIES,laser,雷射電音波,Laser & Energy,Z音波拉提,,SMAS筋膜層拉提,IMAGES.treatmentZwave,treatmentZwave,https://d2xsxph8kpxj0f.cloudfront.net/310519663343349747/NiMiPR2Gq7yAMFRDKJg9Wa/treatment-zwave-new_9112cd9b.jpeg,treatment-zwave-new_9112cd9b.jpeg,1200,793,Manus CDN,療程列表 ServicesSection,與 treatmentAmpule 為同一檔案,,
4,療程分類 SERVICE_CATEGORIES,laser,雷射電音波,Laser & Energy,索夫波,,,,,,,,,無圖片,療程列表 ServicesSection,缺少圖片,,
5,療程分類 SERVICE_CATEGORIES,injection,微整注射,Injection,Sunmax 膠原蛋白（熊貓針）,,,https://www.drappletree.com.tw/wp-content/uploads/2025/07/縮圖-拷貝-8-768x508.jpg,,https://www.drappletree.com.tw/wp-content/uploads/2025/07/縮圖-拷貝-8-768x508.jpg,縮圖-拷貝-8-768x508.jpg,,,舊官網外連,療程列表 ServicesSection,依賴舊站 URL,,
6,療程分類 SERVICE_CATEGORIES,injection,微整注射,Injection,VivaBella 薇貝拉,,新一代膠原增生劑,https://www.drappletree.com.tw/wp-content/uploads/2025/07/縮圖-拷貝-6-768x508.jpg,,https://www.drappletree.com.tw/wp-content/uploads/2025/07/縮圖-拷貝-6-768x508.jpg,縮圖-拷貝-6-768x508.jpg,,,舊官網外連,療程列表 ServicesSection,依賴舊站 URL,,
7,療程分類 SERVICE_CATEGORIES,injection,微整注射,Injection,肉毒桿菌,,,https://www.drappletree.com.tw/wp-content/uploads/2021/04/肉毒桿菌BOTOX.jpg,,https://www.drappletree.com.tw/wp-content/uploads/2021/04/肉毒桿菌BOTOX.jpg,肉毒桿菌BOTOX.jpg,,,舊官網外連,療程列表 ServicesSection,依賴舊站 URL,,
8,療程分類 SERVICE_CATEGORIES,injection,微整注射,Injection,玻尿酸填充,,,https://www.drappletree.com.tw/wp-content/uploads/2021/04/玻尿酸填充喬亞登.jpg,,https://www.drappletree.com.tw/wp-content/uploads/2021/04/玻尿酸填充喬亞登.jpg,玻尿酸填充喬亞登.jpg,,,舊官網外連,療程列表 ServicesSection,依賴舊站 URL,,
9,療程分類 SERVICE_CATEGORIES,injection,微整注射,Injection,Volite 長效保濕針,,,https://www.drappletree.com.tw/wp-content/uploads/2021/04/volite長效保濕針.jpg,,https://www.drappletree.com.tw/wp-content/uploads/2021/04/volite長效保濕針.jpg,volite長效保濕針.jpg,,,舊官網外連,療程列表 ServicesSection,依賴舊站 URL,,
10,療程分類 SERVICE_CATEGORIES,injection,微整注射,Injection,Sculptra 舒顏萃,,聚左旋乳酸,https://www.drappletree.com.tw/wp-content/uploads/2021/04/舒顏翠.jpg,,https://www.drappletree.com.tw/wp-content/uploads/2021/04/舒顏翠.jpg,舒顏翠.jpg,,,舊官網外連,療程列表 ServicesSection,依賴舊站 URL,,
11,療程分類 SERVICE_CATEGORIES,injection,微整注射,Injection,Ellanse 洢蓮絲,,,https://www.drappletree.com.tw/wp-content/uploads/2021/04/依蓮絲.jpg,,https://www.drappletree.com.tw/wp-content/uploads/2021/04/依蓮絲.jpg,依蓮絲.jpg,,,舊官網外連,療程列表 ServicesSection,依賴舊站 URL,,
12,療程分類 SERVICE_CATEGORIES,injection,微整注射,Injection,AestheFill 艾麗斯,,聚雙旋乳酸,https://www.drappletree.com.tw/wp-content/uploads/2021/04/AestheFill-艾麗斯-new-768x509.jpg,,https://www.drappletree.com.tw/wp-content/uploads/2021/04/AestheFill-艾麗斯-new-768x509.jpg,AestheFill-艾麗斯-new-768x509.jpg,,,舊官網外連,療程列表 ServicesSection,依賴舊站 URL,,
13,療程分類 SERVICE_CATEGORIES,injection,微整注射,Injection,塑立愛 少女立提線,,埋線拉提,https://www.drappletree.com.tw/wp-content/uploads/2021/04/埋線拉提塑立愛-少女立提線.jpg,,https://www.drappletree.com.tw/wp-content/uploads/2021/04/埋線拉提塑立愛-少女立提線.jpg,埋線拉提塑立愛-少女立提線.jpg,,,舊官網外連,療程列表 ServicesSection,依賴舊站 URL,,
14,療程分類 SERVICE_CATEGORIES,injection,微整注射,Injection,BELKYRA 倍克脂,,消脂注射,https://www.drappletree.com.tw/wp-content/uploads/2021/04/BELKYRA倍克脂-1.jpg,,https://www.drappletree.com.tw/wp-content/uploads/2021/04/BELKYRA倍克脂-1.jpg,BELKYRA倍克脂-1.jpg,,,舊官網外連,療程列表 ServicesSection,依賴舊站 URL,,
15,療程分類 SERVICE_CATEGORIES,injection,微整注射,Injection,腋下止汗,,,https://www.drappletree.com.tw/wp-content/uploads/2021/04/腋下止汗MIRADRY.jpg,,https://www.drappletree.com.tw/wp-content/uploads/2021/04/腋下止汗MIRADRY.jpg,腋下止汗MIRADRY.jpg,,,舊官網外連,療程列表 ServicesSection,依賴舊站 URL,,
16,療程分類 SERVICE_CATEGORIES,surgery-eye,整型外科｜眼部,Eye Surgery,雙眼皮手術,,,https://www.drappletree.com.tw/wp-content/uploads/2020/07/42f92e1c615755c73386aafe7958e54fd7fc049a-768x560.jpg,,https://www.drappletree.com.tw/wp-content/uploads/2020/07/42f92e1c615755c73386aafe7958e54fd7fc049a-768x560.jpg,42f92e1c615755c73386aafe7958e54fd7fc049a-768x560.jpg,,,舊官網外連,療程列表 ServicesSection,依賴舊站 URL,,
17,療程分類 SERVICE_CATEGORIES,surgery-eye,整型外科｜眼部,Eye Surgery,開眼頭/開眼尾,,,https://www.drappletree.com.tw/wp-content/uploads/2020/07/50cbc5094931dd777718a40b885c5036f15ec925-768x494.jpg,,https://www.drappletree.com.tw/wp-content/uploads/2020/07/50cbc5094931dd777718a40b885c5036f15ec925-768x494.jpg,50cbc5094931dd777718a40b885c5036f15ec925-768x494.jpg,,,舊官網外連,療程列表 ServicesSection,依賴舊站 URL,,
18,療程分類 SERVICE_CATEGORIES,surgery-eye,整型外科｜眼部,Eye Surgery,眼袋手術,,,https://www.drappletree.com.tw/wp-content/uploads/2020/07/17d20252eea117c843f18b0534b2b27d0e893bbf-768x479.jpg,,https://www.drappletree.com.tw/wp-content/uploads/2020/07/17d20252eea117c843f18b0534b2b27d0e893bbf-768x479.jpg,17d20252eea117c843f18b0534b2b27d0e893bbf-768x479.jpg,,,舊官網外連,療程列表 ServicesSection,依賴舊站 URL,,
19,療程分類 SERVICE_CATEGORIES,surgery-nose,整型外科｜鼻部,Nose Surgery,韓式隆鼻手術,,,https://www.drappletree.com.tw/wp-content/uploads/2020/07/1b29fa9496181057b3482cb48b3597d9f312e814-768x570.jpg,,https://www.drappletree.com.tw/wp-content/uploads/2020/07/1b29fa9496181057b3482cb48b3597d9f312e814-768x570.jpg,1b29fa9496181057b3482cb48b3597d9f312e814-768x570.jpg,,,舊官網外連,療程列表 ServicesSection,依賴舊站 URL,,
20,療程分類 SERVICE_CATEGORIES,surgery-nose,整型外科｜鼻部,Nose Surgery,卡麥拉隆鼻手術,,,https://www.drappletree.com.tw/wp-content/uploads/upload/images/c36fd352049f7d79acc9c6c2f610fa9dcb00d1d3-768x562.jpg,,https://www.drappletree.com.tw/wp-content/uploads/upload/images/c36fd352049f7d79acc9c6c2f610fa9dcb00d1d3-768x562.jpg,c36fd352049f7d79acc9c6c2f610fa9dcb00d1d3-768x562.jpg,,,舊官網外連,療程列表 ServicesSection,依賴舊站 URL,,
21,療程分類 SERVICE_CATEGORIES,surgery-nose,整型外科｜鼻部,Nose Surgery,縮鼻翼手術,,,https://www.drappletree.com.tw/wp-content/uploads/2020/07/11287bbed3ca9af00488bc3e87cb9b4c03afc124.jpg,,https://www.drappletree.com.tw/wp-content/uploads/2020/07/11287bbed3ca9af00488bc3e87cb9b4c03afc124.jpg,11287bbed3ca9af00488bc3e87cb9b4c03afc124.jpg,,,舊官網外連,療程列表 ServicesSection,依賴舊站 URL,,
22,療程分類 SERVICE_CATEGORIES,surgery-nose,整型外科｜鼻部,Nose Surgery,縮鼻頭手術,,,https://www.drappletree.com.tw/wp-content/uploads/upload/images/49818cce29f3c45ecbad57ef138f88806041b6f1.jpg,,https://www.drappletree.com.tw/wp-content/uploads/upload/images/49818cce29f3c45ecbad57ef138f88806041b6f1.jpg,49818cce29f3c45ecbad57ef138f88806041b6f1.jpg,,,舊官網外連,療程列表 ServicesSection,依賴舊站 URL,,
23,療程分類 SERVICE_CATEGORIES,surgery-breast,整型外科｜胸型身形,Breast & Body Surgery,果凍矽膠隆乳,,,https://www.drappletree.com.tw/wp-content/uploads/upload/images/195317a0c9f01a6424029a89b608055f84118953.jpg,,https://www.drappletree.com.tw/wp-content/uploads/upload/images/195317a0c9f01a6424029a89b608055f84118953.jpg,195317a0c9f01a6424029a89b608055f84118953.jpg,,,舊官網外連,療程列表 ServicesSection,依賴舊站 URL,,
24,療程分類 SERVICE_CATEGORIES,surgery-breast,整型外科｜胸型身形,Breast & Body Surgery,自體脂肪隆乳手術,,,https://www.drappletree.com.tw/wp-content/uploads/2021/01/隆乳-1.jpg,,https://www.drappletree.com.tw/wp-content/uploads/2021/01/隆乳-1.jpg,隆乳-1.jpg,,,舊官網外連,療程列表 ServicesSection,依賴舊站 URL,,
25,療程分類 SERVICE_CATEGORIES,surgery-breast,整型外科｜胸型身形,Breast & Body Surgery,提胸手術,,,https://www.drappletree.com.tw/wp-content/uploads/2021/01/提胸-1.jpg,,https://www.drappletree.com.tw/wp-content/uploads/2021/01/提胸-1.jpg,提胸-1.jpg,,,舊官網外連,療程列表 ServicesSection,依賴舊站 URL,,
26,療程分類 SERVICE_CATEGORIES,surgery-breast,整型外科｜胸型身形,Breast & Body Surgery,乳暈手術,,,,,,,,,無圖片,療程列表 ServicesSection,缺少圖片,,
27,療程分類 SERVICE_CATEGORIES,surgery-breast,整型外科｜胸型身形,Breast & Body Surgery,平胸手術,,,,,,,,,無圖片,療程列表 ServicesSection,缺少圖片,,
28,療程分類 SERVICE_CATEGORIES,surgery-lipo,整型外科｜抽脂與拉皮,Liposuction & Facelift,抽脂手術,,,,,,,,,無圖片,療程列表 ServicesSection,缺少圖片,,
29,療程分類 SERVICE_CATEGORIES,surgery-lipo,整型外科｜抽脂與拉皮,Liposuction & Facelift,自體脂肪移植手術,,,https://www.drappletree.com.tw/wp-content/uploads/2021/01/補臉-1.jpg,,https://www.drappletree.com.tw/wp-content/uploads/2021/01/補臉-1.jpg,補臉-1.jpg,,,舊官網外連,療程列表 ServicesSection,依賴舊站 URL,,
30,療程分類 SERVICE_CATEGORIES,surgery-lipo,整型外科｜抽脂與拉皮,Liposuction & Facelift,無痕拉皮手術,,,https://www.drappletree.com.tw/wp-content/uploads/2021/01/無痕拉皮-1.jpg,,https://www.drappletree.com.tw/wp-content/uploads/2021/01/無痕拉皮-1.jpg,無痕拉皮-1.jpg,,,舊官網外連,療程列表 ServicesSection,依賴舊站 URL,,
31,療程分類 SERVICE_CATEGORIES,body,形體雕塑,Body Sculpting,Wegovy 週纖達,,GLP-1 受體促效劑,https://www.drappletree.com.tw/wp-content/uploads/2025/10/縮圖-拷貝-768x508.jpg,,https://www.drappletree.com.tw/wp-content/uploads/2025/10/縮圖-拷貝-768x508.jpg,縮圖-拷貝-768x508.jpg,,,舊官網外連,療程列表 ServicesSection,依賴舊站 URL,,
32,療程分類 SERVICE_CATEGORIES,body,形體雕塑,Body Sculpting,Mounjaro 猛健樂,,GIP/GLP-1 雙重受體促效劑,https://www.drappletree.com.tw/wp-content/uploads/2025/07/縮圖-拷貝-1-768x508.jpg,,https://www.drappletree.com.tw/wp-content/uploads/2025/07/縮圖-拷貝-1-768x508.jpg,縮圖-拷貝-1-768x508.jpg,,,舊官網外連,療程列表 ServicesSection,依賴舊站 URL,,
33,療程分類 SERVICE_CATEGORIES,body,形體雕塑,Body Sculpting,Talent-A 動磁波,,30分鐘高效鍛鍊,https://www.drappletree.com.tw/wp-content/uploads/2021/12/1-1-768x509.jpg,,https://www.drappletree.com.tw/wp-content/uploads/2021/12/1-1-768x509.jpg,1-1-768x509.jpg,,,舊官網外連,療程列表 ServicesSection,依賴舊站 URL,,
34,療程分類 SERVICE_CATEGORIES,body,形體雕塑,Body Sculpting,減肥筆,,,https://www.drappletree.com.tw/wp-content/uploads/2021/06/減肥筆.jpg,,https://www.drappletree.com.tw/wp-content/uploads/2021/06/減肥筆.jpg,減肥筆.jpg,,,舊官網外連,療程列表 ServicesSection,依賴舊站 URL,,
35,療程分類 SERVICE_CATEGORIES,body,形體雕塑,Body Sculpting,ICOONE,,,https://www.drappletree.com.tw/wp-content/uploads/2021/06/ICOONE.jpg,,https://www.drappletree.com.tw/wp-content/uploads/2021/06/ICOONE.jpg,ICOONE.jpg,,,舊官網外連,療程列表 ServicesSection,依賴舊站 URL,,
36,療程分類 SERVICE_CATEGORIES,body,形體雕塑,Body Sculpting,消脂針/消脂點滴,,,https://www.drappletree.com.tw/wp-content/uploads/2021/06/消脂針消脂點滴.jpg,,https://www.drappletree.com.tw/wp-content/uploads/2021/06/消脂針消脂點滴.jpg,消脂針消脂點滴.jpg,,,舊官網外連,療程列表 ServicesSection,依賴舊站 URL,,
37,療程分類 SERVICE_CATEGORIES,feminine,女性私密美學,Feminine Aesthetics,私密處雷射,,,,,,,,,無圖片,療程列表 ServicesSection,缺少圖片,,
38,療程分類 SERVICE_CATEGORIES,men,型男醫美專區,Men's Aesthetics,男性除毛,,,https://www.drappletree.com.tw/wp-content/uploads/2021/06/男性除毛.jpeg,,https://www.drappletree.com.tw/wp-content/uploads/2021/06/男性除毛.jpeg,男性除毛.jpeg,,,舊官網外連,療程列表 ServicesSection,依賴舊站 URL,,
39,療程分類 SERVICE_CATEGORIES,men,型男醫美專區,Men's Aesthetics,男性微整,,,https://www.drappletree.com.tw/wp-content/uploads/2021/06/男-微整-2-768x439.jpg,,https://www.drappletree.com.tw/wp-content/uploads/2021/06/男-微整-2-768x439.jpg,男-微整-2-768x439.jpg,,,舊官網外連,療程列表 ServicesSection,依賴舊站 URL,,
40,療程分類 SERVICE_CATEGORIES,men,型男醫美專區,Men's Aesthetics,男性痘疤,,,https://www.drappletree.com.tw/wp-content/uploads/2021/06/男痘疤-3-768x439.jpg,,https://www.drappletree.com.tw/wp-content/uploads/2021/06/男痘疤-3-768x439.jpg,男痘疤-3-768x439.jpg,,,舊官網外連,療程列表 ServicesSection,依賴舊站 URL,,
41,療程分類 SERVICE_CATEGORIES,men,型男醫美專區,Men's Aesthetics,男性生髮,,,https://www.drappletree.com.tw/wp-content/uploads/2021/06/生髮-3-768x439.jpg,,https://www.drappletree.com.tw/wp-content/uploads/2021/06/生髮-3-768x439.jpg,生髮-3-768x439.jpg,,,舊官網外連,療程列表 ServicesSection,依賴舊站 URL,,
42,療程分類 SERVICE_CATEGORIES,men,型男醫美專區,Men's Aesthetics,男性體雕,,,https://www.drappletree.com.tw/wp-content/uploads/2021/06/體雕-5-768x439.jpg,,https://www.drappletree.com.tw/wp-content/uploads/2021/06/體雕-5-768x439.jpg,體雕-5-768x439.jpg,,,舊官網外連,療程列表 ServicesSection,依賴舊站 URL,,
43,療程分類 SERVICE_CATEGORIES,regen,再生醫學,Regenerative Medicine,增生療法,,,https://www.drappletree.com.tw/wp-content/uploads/2021/06/增生1-768x512.png,,https://www.drappletree.com.tw/wp-content/uploads/2021/06/增生1-768x512.png,增生1-768x512.png,,,舊官網外連,療程列表 ServicesSection,依賴舊站 URL,,
44,療程分類 SERVICE_CATEGORIES,regen,再生醫學,Regenerative Medicine,IHT（PRP）注射療法,,自體血小板血漿,https://www.drappletree.com.tw/wp-content/uploads/2021/06/PRP-1.jpg,,https://www.drappletree.com.tw/wp-content/uploads/2021/06/PRP-1.jpg,PRP-1.jpg,,,舊官網外連,療程列表 ServicesSection,依賴舊站 URL,,
45,療程分類 SERVICE_CATEGORIES,hair,生髮門診,Hair Restoration,不動刀育髮,,,https://www.drappletree.com.tw/wp-content/uploads/2021/06/不動刀育髮.jpg,,https://www.drappletree.com.tw/wp-content/uploads/2021/06/不動刀育髮.jpg,不動刀育髮.jpg,,,舊官網外連,療程列表 ServicesSection,依賴舊站 URL,,
46,療程分類 SERVICE_CATEGORIES,hair,生髮門診,Hair Restoration,毛髮護理,,,https://www.drappletree.com.tw/wp-content/uploads/2021/06/毛髮護理.jpg,,https://www.drappletree.com.tw/wp-content/uploads/2021/06/毛髮護理.jpg,毛髮護理.jpg,,,舊官網外連,療程列表 ServicesSection,依賴舊站 URL,,
47,療程分類 SERVICE_CATEGORIES,hair,生髮門診,Hair Restoration,頭皮檢測,,,https://www.drappletree.com.tw/wp-content/uploads/2021/06/頭皮檢測.jpg,,https://www.drappletree.com.tw/wp-content/uploads/2021/06/頭皮檢測.jpg,頭皮檢測.jpg,,,舊官網外連,療程列表 ServicesSection,依賴舊站 URL,,
48,療程分類 SERVICE_CATEGORIES,nutrition,營養醫學,Nutritional Medicine,氦氖雷射 ILIB,,靜脈雷射,https://www.drappletree.com.tw/wp-content/uploads/2021/06/縮圖-拷貝-1-768x508.jpg,,https://www.drappletree.com.tw/wp-content/uploads/2021/06/縮圖-拷貝-1-768x508.jpg,縮圖-拷貝-1-768x508.jpg,,,舊官網外連,療程列表 ServicesSection,依賴舊站 URL,,
49,療程分類 SERVICE_CATEGORIES,nutrition,營養醫學,Nutritional Medicine,點滴針劑,,,https://www.drappletree.com.tw/wp-content/uploads/2021/06/點滴注射-768x549.jpg,,https://www.drappletree.com.tw/wp-content/uploads/2021/06/點滴注射-768x549.jpg,點滴注射-768x549.jpg,,,舊官網外連,療程列表 ServicesSection,依賴舊站 URL,,
50,療程分類 SERVICE_CATEGORIES,nutrition,營養醫學,Nutritional Medicine,營養配方,,,https://www.drappletree.com.tw/wp-content/uploads/2016/11/營養配方-768x549.jpeg,,https://www.drappletree.com.tw/wp-content/uploads/2016/11/營養配方-768x549.jpeg,營養配方-768x549.jpeg,,,舊官網外連,療程列表 ServicesSection,依賴舊站 URL,,
51,療程分類 SERVICE_CATEGORIES,functional,功能醫學檢測,Functional Medicine,基因檢測,,,https://www.drappletree.com.tw/wp-content/uploads/2021/06/基因檢測BNV2.jpg,,https://www.drappletree.com.tw/wp-content/uploads/2021/06/基因檢測BNV2.jpg,基因檢測BNV2.jpg,,,舊官網外連,療程列表 ServicesSection,依賴舊站 URL,,
52,療程分類 SERVICE_CATEGORIES,functional,功能醫學檢測,Functional Medicine,3DMRA 檢測,,,https://www.drappletree.com.tw/wp-content/uploads/2021/06/3DMRAV3.jpg,,https://www.drappletree.com.tw/wp-content/uploads/2021/06/3DMRAV3.jpg,3DMRAV3.jpg,,,舊官網外連,療程列表 ServicesSection,依賴舊站 URL；同一 URL 重複使用 2 次,,
53,療程分類 SERVICE_CATEGORIES,functional,功能醫學檢測,Functional Medicine,腦波檢測,,,https://www.drappletree.com.tw/wp-content/uploads/2021/06/腦波檢測BNV2.jpg,,https://www.drappletree.com.tw/wp-content/uploads/2021/06/腦波檢測BNV2.jpg,腦波檢測BNV2.jpg,,,舊官網外連,療程列表 ServicesSection,依賴舊站 URL；同一 URL 重複使用 2 次,,
54,療程分類 SERVICE_CATEGORIES,functional,功能醫學檢測,Functional Medicine,腸道菌叢分析,,,https://www.drappletree.com.tw/wp-content/uploads/2021/06/腸道菌BN.jpg,,https://www.drappletree.com.tw/wp-content/uploads/2021/06/腸道菌BN.jpg,腸道菌BN.jpg,,,舊官網外連,療程列表 ServicesSection,依賴舊站 URL,,
55,療程分類 SERVICE_CATEGORIES,functional,功能醫學檢測,Functional Medicine,HRV 自律神經分析,,,https://www.drappletree.com.tw/wp-content/uploads/2018/07/HRVBNV2.jpg,,https://www.drappletree.com.tw/wp-content/uploads/2018/07/HRVBNV2.jpg,HRVBNV2.jpg,,,舊官網外連,療程列表 ServicesSection,依賴舊站 URL；同一 URL 重複使用 2 次,,
56,療程分類 SERVICE_CATEGORIES,functional,功能醫學檢測,Functional Medicine,PTG 血管分析,,,https://www.drappletree.com.tw/wp-content/uploads/2018/07/PTGBN2.jpg,,https://www.drappletree.com.tw/wp-content/uploads/2018/07/PTGBN2.jpg,PTGBN2.jpg,,,舊官網外連,療程列表 ServicesSection,依賴舊站 URL；同一 URL 重複使用 2 次,,
57,療程分類 SERVICE_CATEGORIES,happy,快樂門診,Wellness Clinic,快樂門診,,,https://www.drappletree.com.tw/wp-content/uploads/2021/06/快樂門診.jpg,,https://www.drappletree.com.tw/wp-content/uploads/2021/06/快樂門診.jpg,快樂門診.jpg,,,舊官網外連,療程列表 ServicesSection,依賴舊站 URL,,
58,療程分類 SERVICE_CATEGORIES,happy,快樂門診,Wellness Clinic,音樂治療,,,https://www.drappletree.com.tw/wp-content/uploads/2021/06/音樂門診.jpg,,https://www.drappletree.com.tw/wp-content/uploads/2021/06/音樂門診.jpg,音樂門診.jpg,,,舊官網外連,療程列表 ServicesSection,依賴舊站 URL,,
59,療程分類 SERVICE_CATEGORIES,vaccine,自費疫苗,Vaccination,自費疫苗接種,,,https://www.drappletree.com.tw/wp-content/uploads/2021/06/縮圖-拷貝-768x508.jpg,,https://www.drappletree.com.tw/wp-content/uploads/2021/06/縮圖-拷貝-768x508.jpg,縮圖-拷貝-768x508.jpg,,,舊官網外連,療程列表 ServicesSection,依賴舊站 URL,,
60,療程分類 SERVICE_CATEGORIES,skin,肌膚管理,Skin Care,Rejuran 麗珠蘭,,鮭魚針,https://www.drappletree.com.tw/wp-content/uploads/2025/12/縮圖-拷貝-768x508.jpg,,https://www.drappletree.com.tw/wp-content/uploads/2025/12/縮圖-拷貝-768x508.jpg,縮圖-拷貝-768x508.jpg,,,舊官網外連,療程列表 ServicesSection,依賴舊站 URL,,
61,療程分類 SERVICE_CATEGORIES,skin,肌膚管理,Skin Care,超級玻尿酸鎖水保濕面膜,,,https://www.drappletree.com.tw/wp-content/uploads/2020/06/縮圖-768x508.jpg,,https://www.drappletree.com.tw/wp-content/uploads/2020/06/縮圖-768x508.jpg,縮圖-768x508.jpg,,,舊官網外連,療程列表 ServicesSection,依賴舊站 URL,,
62,療程分類 SERVICE_CATEGORIES,skin,肌膚管理,Skin Care,膠原膜（膠原蛋白面膜）,,,https://www.drappletree.com.tw/wp-content/uploads/2025/07/縮圖-拷貝-7-768x508.jpg,,https://www.drappletree.com.tw/wp-content/uploads/2025/07/縮圖-拷貝-7-768x508.jpg,縮圖-拷貝-7-768x508.jpg,,,舊官網外連,療程列表 ServicesSection,依賴舊站 URL,,
63,療程分類 SERVICE_CATEGORIES,skin,肌膚管理,Skin Care,安瓶導入,,醫美前導升級,https://www.drappletree.com.tw/wp-content/uploads/2025/07/縮圖-拷貝-5-768x508.jpg,,https://www.drappletree.com.tw/wp-content/uploads/2025/07/縮圖-拷貝-5-768x508.jpg,縮圖-拷貝-5-768x508.jpg,,,舊官網外連,療程列表 ServicesSection,依賴舊站 URL,,
64,療程分類 SERVICE_CATEGORIES,skin,肌膚管理,Skin Care,AI 光譜治療,,,https://www.drappletree.com.tw/wp-content/uploads/2025/07/縮圖-2-768x508.jpg,,https://www.drappletree.com.tw/wp-content/uploads/2025/07/縮圖-2-768x508.jpg,縮圖-2-768x508.jpg,,,舊官網外連,療程列表 ServicesSection,依賴舊站 URL,,
65,療程分類 SERVICE_CATEGORIES,skin,肌膚管理,Skin Care,O2 to Derm 氧氣面罩,,,https://www.drappletree.com.tw/wp-content/uploads/2025/07/縮圖-拷貝-2-768x508.jpg,,https://www.drappletree.com.tw/wp-content/uploads/2025/07/縮圖-拷貝-2-768x508.jpg,縮圖-拷貝-2-768x508.jpg,,,舊官網外連,療程列表 ServicesSection,依賴舊站 URL,,
66,療程分類 SERVICE_CATEGORIES,spa,醫SPA,Medical SPA,醫學美容SPA,,,,,,,,,無圖片,療程列表 ServicesSection,缺少圖片,,